loss,accuracy,val_loss,val_accuracy
0.8540888428688049,0.6065573692321777,0.9933738708496094,0.5114942789077759
0.6271325349807739,0.7322404384613037,1.1076059341430664,0.5091953873634338
0.470982164144516,0.8073051571846008,1.0585306882858276,0.5793103575706482
0.3630371391773224,0.8573482632637024,1.355966329574585,0.5563218593597412
0.26284584403038025,0.9010641574859619,1.3045015335083008,0.5390804409980774
0.17721910774707794,0.9375898838043213,1.3856381177902222,0.5586206912994385
